[{"name":"Feed","qualifiedName":"Feed","href":"routes_Feed/routes_Feed-library.html","type":"library","overriddenDepth":0,"packageName":"fl_fan"},{"name":"Feed","qualifiedName":"Feed.Feed","href":"routes_Feed/Feed-class.html","type":"class","overriddenDepth":0,"packageName":"fl_fan","enclosedBy":{"name":"Feed","type":"library"}},{"name":"Feed","qualifiedName":"Feed.Feed.Feed","href":"routes_Feed/Feed/Feed.html","type":"constructor","overriddenDepth":0,"packageName":"fl_fan","enclosedBy":{"name":"Feed","type":"class"}},{"name":"analytics","qualifiedName":"Feed.Feed.analytics","href":"routes_Feed/Feed/analytics.html","type":"property","overriddenDepth":0,"packageName":"fl_fan","enclosedBy":{"name":"Feed","type":"class"}},{"name":"createState","qualifiedName":"Feed.Feed.createState","href":"routes_Feed/Feed/createState.html","type":"method","overriddenDepth":1,"packageName":"fl_fan","enclosedBy":{"name":"Feed","type":"class"}},{"name":"observer","qualifiedName":"Feed.Feed.observer","href":"routes_Feed/Feed/observer.html","type":"property","overriddenDepth":0,"packageName":"fl_fan","enclosedBy":{"name":"Feed","type":"class"}},{"name":"MyApp","qualifiedName":"MyApp","href":"routes_MyApp/routes_MyApp-library.html","type":"library","overriddenDepth":0,"packageName":"fl_fan"},{"name":"ConnectedFirebase","qualifiedName":"MyApp.ConnectedFirebase","href":"routes_MyApp/ConnectedFirebase-class.html","type":"class","overriddenDepth":0,"packageName":"fl_fan","enclosedBy":{"name":"MyApp","type":"library"}},{"name":"ConnectedFirebase","qualifiedName":"MyApp.ConnectedFirebase.ConnectedFirebase","href":"routes_MyApp/ConnectedFirebase/ConnectedFirebase.html","type":"constructor","overriddenDepth":0,"packageName":"fl_fan","enclosedBy":{"name":"ConnectedFirebase","type":"class"}},{"name":"analytics","qualifiedName":"MyApp.ConnectedFirebase.analytics","href":"routes_MyApp/ConnectedFirebase/analytics.html","type":"property","overriddenDepth":0,"packageName":"fl_fan","enclosedBy":{"name":"ConnectedFirebase","type":"class"}},{"name":"createState","qualifiedName":"MyApp.ConnectedFirebase.createState","href":"routes_MyApp/ConnectedFirebase/createState.html","type":"method","overriddenDepth":1,"packageName":"fl_fan","enclosedBy":{"name":"ConnectedFirebase","type":"class"}},{"name":"observer","qualifiedName":"MyApp.ConnectedFirebase.observer","href":"routes_MyApp/ConnectedFirebase/observer.html","type":"property","overriddenDepth":0,"packageName":"fl_fan","enclosedBy":{"name":"ConnectedFirebase","type":"class"}},{"name":"MyApp","qualifiedName":"MyApp.MyApp","href":"routes_MyApp/MyApp-class.html","type":"class","overriddenDepth":0,"packageName":"fl_fan","enclosedBy":{"name":"MyApp","type":"library"}},{"name":"MyApp","qualifiedName":"MyApp.MyApp.MyApp","href":"routes_MyApp/MyApp/MyApp.html","type":"constructor","overriddenDepth":0,"packageName":"fl_fan","enclosedBy":{"name":"MyApp","type":"class"}},{"name":"createState","qualifiedName":"MyApp.MyApp.createState","href":"routes_MyApp/MyApp/createState.html","type":"method","overriddenDepth":1,"packageName":"fl_fan","enclosedBy":{"name":"MyApp","type":"class"}},{"name":"auth","qualifiedName":"auth","href":"services_auth/services_auth-library.html","type":"library","overriddenDepth":0,"packageName":"fl_fan"},{"name":"AuthService","qualifiedName":"auth.AuthService","href":"services_auth/AuthService-class.html","type":"class","overriddenDepth":0,"packageName":"fl_fan","enclosedBy":{"name":"auth","type":"library"}},{"name":"AuthService","qualifiedName":"auth.AuthService.AuthService","href":"services_auth/AuthService/AuthService.html","type":"constructor","overriddenDepth":0,"packageName":"fl_fan","enclosedBy":{"name":"AuthService","type":"class"}},{"name":"db","qualifiedName":"auth.AuthService.db","href":"services_auth/AuthService/db.html","type":"property","overriddenDepth":0,"packageName":"fl_fan","enclosedBy":{"name":"AuthService","type":"class"}},{"name":"loginWithMailAndPass","qualifiedName":"auth.AuthService.loginWithMailAndPass","href":"services_auth/AuthService/loginWithMailAndPass.html","type":"method","overriddenDepth":0,"packageName":"fl_fan","enclosedBy":{"name":"AuthService","type":"class"}},{"name":"signInAnon","qualifiedName":"auth.AuthService.signInAnon","href":"services_auth/AuthService/signInAnon.html","type":"method","overriddenDepth":0,"packageName":"fl_fan","enclosedBy":{"name":"AuthService","type":"class"}},{"name":"signOut","qualifiedName":"auth.AuthService.signOut","href":"services_auth/AuthService/signOut.html","type":"method","overriddenDepth":0,"packageName":"fl_fan","enclosedBy":{"name":"AuthService","type":"class"}},{"name":"signUpTeam","qualifiedName":"auth.AuthService.signUpTeam","href":"services_auth/AuthService/signUpTeam.html","type":"method","overriddenDepth":0,"packageName":"fl_fan","enclosedBy":{"name":"AuthService","type":"class"}},{"name":"signUpUser","qualifiedName":"auth.AuthService.signUpUser","href":"services_auth/AuthService/signUpUser.html","type":"method","overriddenDepth":0,"packageName":"fl_fan","enclosedBy":{"name":"AuthService","type":"class"}},{"name":"user","qualifiedName":"auth.AuthService.user","href":"services_auth/AuthService/user.html","type":"property","overriddenDepth":0,"packageName":"fl_fan","enclosedBy":{"name":"AuthService","type":"class"}},{"name":"create_forum","qualifiedName":"create_forum","href":"routes_create_forum/routes_create_forum-library.html","type":"library","overriddenDepth":0,"packageName":"fl_fan"},{"name":"CreateForum","qualifiedName":"create_forum.CreateForum","href":"routes_create_forum/CreateForum-class.html","type":"class","overriddenDepth":0,"packageName":"fl_fan","enclosedBy":{"name":"create_forum","type":"library"}},{"name":"CreateForum","qualifiedName":"create_forum.CreateForum.CreateForum","href":"routes_create_forum/CreateForum/CreateForum.html","type":"constructor","overriddenDepth":0,"packageName":"fl_fan","enclosedBy":{"name":"CreateForum","type":"class"}},{"name":"analytics","qualifiedName":"create_forum.CreateForum.analytics","href":"routes_create_forum/CreateForum/analytics.html","type":"property","overriddenDepth":0,"packageName":"fl_fan","enclosedBy":{"name":"CreateForum","type":"class"}},{"name":"createState","qualifiedName":"create_forum.CreateForum.createState","href":"routes_create_forum/CreateForum/createState.html","type":"method","overriddenDepth":1,"packageName":"fl_fan","enclosedBy":{"name":"CreateForum","type":"class"}},{"name":"observer","qualifiedName":"create_forum.CreateForum.observer","href":"routes_create_forum/CreateForum/observer.html","type":"property","overriddenDepth":0,"packageName":"fl_fan","enclosedBy":{"name":"CreateForum","type":"class"}},{"name":"create_post","qualifiedName":"create_post","href":"routes_create_post/routes_create_post-library.html","type":"library","overriddenDepth":0,"packageName":"fl_fan"},{"name":"CreatePost","qualifiedName":"create_post.CreatePost","href":"routes_create_post/CreatePost-class.html","type":"class","overriddenDepth":0,"packageName":"fl_fan","enclosedBy":{"name":"create_post","type":"library"}},{"name":"CreatePost","qualifiedName":"create_post.CreatePost.CreatePost","href":"routes_create_post/CreatePost/CreatePost.html","type":"constructor","overriddenDepth":0,"packageName":"fl_fan","enclosedBy":{"name":"CreatePost","type":"class"}},{"name":"analytics","qualifiedName":"create_post.CreatePost.analytics","href":"routes_create_post/CreatePost/analytics.html","type":"property","overriddenDepth":0,"packageName":"fl_fan","enclosedBy":{"name":"CreatePost","type":"class"}},{"name":"createState","qualifiedName":"create_post.CreatePost.createState","href":"routes_create_post/CreatePost/createState.html","type":"method","overriddenDepth":1,"packageName":"fl_fan","enclosedBy":{"name":"CreatePost","type":"class"}},{"name":"observer","qualifiedName":"create_post.CreatePost.observer","href":"routes_create_post/CreatePost/observer.html","type":"property","overriddenDepth":0,"packageName":"fl_fan","enclosedBy":{"name":"CreatePost","type":"class"}},{"name":"db","qualifiedName":"db","href":"services_db/services_db-library.html","type":"library","overriddenDepth":0,"packageName":"fl_fan"},{"name":"DBservice","qualifiedName":"db.DBservice","href":"services_db/DBservice-class.html","type":"class","overriddenDepth":0,"packageName":"fl_fan","enclosedBy":{"name":"db","type":"library"}},{"name":"DBservice","qualifiedName":"db.DBservice.DBservice","href":"services_db/DBservice/DBservice.html","type":"constructor","overriddenDepth":0,"packageName":"fl_fan","enclosedBy":{"name":"DBservice","type":"class"}},{"name":"addForumPost","qualifiedName":"db.DBservice.addForumPost","href":"services_db/DBservice/addForumPost.html","type":"method","overriddenDepth":0,"packageName":"fl_fan","enclosedBy":{"name":"DBservice","type":"class"}},{"name":"addIssue","qualifiedName":"db.DBservice.addIssue","href":"services_db/DBservice/addIssue.html","type":"method","overriddenDepth":0,"packageName":"fl_fan","enclosedBy":{"name":"DBservice","type":"class"}},{"name":"addPost","qualifiedName":"db.DBservice.addPost","href":"services_db/DBservice/addPost.html","type":"method","overriddenDepth":0,"packageName":"fl_fan","enclosedBy":{"name":"DBservice","type":"class"}},{"name":"addUser","qualifiedName":"db.DBservice.addUser","href":"services_db/DBservice/addUser.html","type":"method","overriddenDepth":0,"packageName":"fl_fan","enclosedBy":{"name":"DBservice","type":"class"}},{"name":"forumPostCollection","qualifiedName":"db.DBservice.forumPostCollection","href":"services_db/DBservice/forumPostCollection.html","type":"property","overriddenDepth":0,"packageName":"fl_fan","enclosedBy":{"name":"DBservice","type":"class"}},{"name":"issueCollection","qualifiedName":"db.DBservice.issueCollection","href":"services_db/DBservice/issueCollection.html","type":"property","overriddenDepth":0,"packageName":"fl_fan","enclosedBy":{"name":"DBservice","type":"class"}},{"name":"postCollection","qualifiedName":"db.DBservice.postCollection","href":"services_db/DBservice/postCollection.html","type":"property","overriddenDepth":0,"packageName":"fl_fan","enclosedBy":{"name":"DBservice","type":"class"}},{"name":"userCollection","qualifiedName":"db.DBservice.userCollection","href":"services_db/DBservice/userCollection.html","type":"property","overriddenDepth":0,"packageName":"fl_fan","enclosedBy":{"name":"DBservice","type":"class"}},{"name":"feed","qualifiedName":"feed","href":"routes_feed/routes_feed-library.html","type":"library","overriddenDepth":0,"packageName":"fl_fan"},{"name":"Feed","qualifiedName":"feed.Feed","href":"routes_feed/Feed-class.html","type":"class","overriddenDepth":0,"packageName":"fl_fan","enclosedBy":{"name":"feed","type":"library"}},{"name":"Feed","qualifiedName":"feed.Feed.Feed","href":"routes_feed/Feed/Feed.html","type":"constructor","overriddenDepth":0,"packageName":"fl_fan","enclosedBy":{"name":"Feed","type":"class"}},{"name":"analytics","qualifiedName":"feed.Feed.analytics","href":"routes_feed/Feed/analytics.html","type":"property","overriddenDepth":0,"packageName":"fl_fan","enclosedBy":{"name":"Feed","type":"class"}},{"name":"createState","qualifiedName":"feed.Feed.createState","href":"routes_feed/Feed/createState.html","type":"method","overriddenDepth":1,"packageName":"fl_fan","enclosedBy":{"name":"Feed","type":"class"}},{"name":"observer","qualifiedName":"feed.Feed.observer","href":"routes_feed/Feed/observer.html","type":"property","overriddenDepth":0,"packageName":"fl_fan","enclosedBy":{"name":"Feed","type":"class"}},{"name":"forum","qualifiedName":"forum","href":"routes_forum/routes_forum-library.html","type":"library","overriddenDepth":0,"packageName":"fl_fan"},{"name":"Forum","qualifiedName":"forum.Forum","href":"routes_forum/Forum-class.html","type":"class","overriddenDepth":0,"packageName":"fl_fan","enclosedBy":{"name":"forum","type":"library"}},{"name":"Forum","qualifiedName":"forum.Forum.Forum","href":"routes_forum/Forum/Forum.html","type":"constructor","overriddenDepth":0,"packageName":"fl_fan","enclosedBy":{"name":"Forum","type":"class"}},{"name":"analytics","qualifiedName":"forum.Forum.analytics","href":"routes_forum/Forum/analytics.html","type":"property","overriddenDepth":0,"packageName":"fl_fan","enclosedBy":{"name":"Forum","type":"class"}},{"name":"createState","qualifiedName":"forum.Forum.createState","href":"routes_forum/Forum/createState.html","type":"method","overriddenDepth":1,"packageName":"fl_fan","enclosedBy":{"name":"Forum","type":"class"}},{"name":"observer","qualifiedName":"forum.Forum.observer","href":"routes_forum/Forum/observer.html","type":"property","overriddenDepth":0,"packageName":"fl_fan","enclosedBy":{"name":"Forum","type":"class"}},{"name":"forum_posts","qualifiedName":"forum.forum_posts","href":"routes_forum/forum_posts.html","type":"top-level property","overriddenDepth":0,"packageName":"fl_fan","enclosedBy":{"name":"forum","type":"library"}},{"name":"forum_post","qualifiedName":"forum_post","href":"models_forum_post/models_forum_post-library.html","type":"library","overriddenDepth":0,"packageName":"fl_fan"},{"name":"ForumPost","qualifiedName":"forum_post.ForumPost","href":"models_forum_post/ForumPost-class.html","type":"class","overriddenDepth":0,"packageName":"fl_fan","enclosedBy":{"name":"forum_post","type":"library"}},{"name":"ForumPost","qualifiedName":"forum_post.ForumPost.ForumPost","href":"models_forum_post/ForumPost/ForumPost.html","type":"constructor","overriddenDepth":0,"packageName":"fl_fan","enclosedBy":{"name":"ForumPost","type":"class"}},{"name":"comments","qualifiedName":"forum_post.ForumPost.comments","href":"models_forum_post/ForumPost/comments.html","type":"property","overriddenDepth":0,"packageName":"fl_fan","enclosedBy":{"name":"ForumPost","type":"class"}},{"name":"description","qualifiedName":"forum_post.ForumPost.description","href":"models_forum_post/ForumPost/description.html","type":"property","overriddenDepth":0,"packageName":"fl_fan","enclosedBy":{"name":"ForumPost","type":"class"}},{"name":"sender_id","qualifiedName":"forum_post.ForumPost.sender_id","href":"models_forum_post/ForumPost/sender_id.html","type":"property","overriddenDepth":0,"packageName":"fl_fan","enclosedBy":{"name":"ForumPost","type":"class"}},{"name":"title","qualifiedName":"forum_post.ForumPost.title","href":"models_forum_post/ForumPost/title.html","type":"property","overriddenDepth":0,"packageName":"fl_fan","enclosedBy":{"name":"ForumPost","type":"class"}},{"name":"toString","qualifiedName":"forum_post.ForumPost.toString","href":"models_forum_post/ForumPost/toString.html","type":"method","overriddenDepth":1,"packageName":"fl_fan","enclosedBy":{"name":"ForumPost","type":"class"}},{"name":"forum_post_tile","qualifiedName":"forum_post_tile","href":"UI_forum_post_tile/UI_forum_post_tile-library.html","type":"library","overriddenDepth":0,"packageName":"fl_fan"},{"name":"ForumTile","qualifiedName":"forum_post_tile.ForumTile","href":"UI_forum_post_tile/ForumTile-class.html","type":"class","overriddenDepth":0,"packageName":"fl_fan","enclosedBy":{"name":"forum_post_tile","type":"library"}},{"name":"ForumTile","qualifiedName":"forum_post_tile.ForumTile.ForumTile","href":"UI_forum_post_tile/ForumTile/ForumTile.html","type":"constructor","overriddenDepth":0,"packageName":"fl_fan","enclosedBy":{"name":"ForumTile","type":"class"}},{"name":"createState","qualifiedName":"forum_post_tile.ForumTile.createState","href":"UI_forum_post_tile/ForumTile/createState.html","type":"method","overriddenDepth":1,"packageName":"fl_fan","enclosedBy":{"name":"ForumTile","type":"class"}},{"name":"post","qualifiedName":"forum_post_tile.ForumTile.post","href":"UI_forum_post_tile/ForumTile/post.html","type":"property","overriddenDepth":0,"packageName":"fl_fan","enclosedBy":{"name":"ForumTile","type":"class"}},{"name":"generated_plugin_registrant","qualifiedName":"generated_plugin_registrant","href":"generated_plugin_registrant/generated_plugin_registrant-library.html","type":"library","overriddenDepth":0,"packageName":"fl_fan"},{"name":"registerPlugins","qualifiedName":"generated_plugin_registrant.registerPlugins","href":"generated_plugin_registrant/registerPlugins.html","type":"function","overriddenDepth":0,"packageName":"fl_fan","enclosedBy":{"name":"generated_plugin_registrant","type":"library"}},{"name":"issue","qualifiedName":"issue","href":"routes_issue/routes_issue-library.html","type":"library","overriddenDepth":0,"packageName":"fl_fan"},{"name":"Issue","qualifiedName":"issue.Issue","href":"routes_issue/Issue-class.html","type":"class","overriddenDepth":0,"packageName":"fl_fan","enclosedBy":{"name":"issue","type":"library"}},{"name":"Issue","qualifiedName":"issue.Issue.Issue","href":"routes_issue/Issue/Issue.html","type":"constructor","overriddenDepth":0,"packageName":"fl_fan","enclosedBy":{"name":"Issue","type":"class"}},{"name":"analytics","qualifiedName":"issue.Issue.analytics","href":"routes_issue/Issue/analytics.html","type":"property","overriddenDepth":0,"packageName":"fl_fan","enclosedBy":{"name":"Issue","type":"class"}},{"name":"createState","qualifiedName":"issue.Issue.createState","href":"routes_issue/Issue/createState.html","type":"method","overriddenDepth":1,"packageName":"fl_fan","enclosedBy":{"name":"Issue","type":"class"}},{"name":"observer","qualifiedName":"issue.Issue.observer","href":"routes_issue/Issue/observer.html","type":"property","overriddenDepth":0,"packageName":"fl_fan","enclosedBy":{"name":"Issue","type":"class"}},{"name":"login","qualifiedName":"login","href":"routes_login/routes_login-library.html","type":"library","overriddenDepth":0,"packageName":"fl_fan"},{"name":"Login","qualifiedName":"login.Login","href":"routes_login/Login-class.html","type":"class","overriddenDepth":0,"packageName":"fl_fan","enclosedBy":{"name":"login","type":"library"}},{"name":"Login","qualifiedName":"login.Login.Login","href":"routes_login/Login/Login.html","type":"constructor","overriddenDepth":0,"packageName":"fl_fan","enclosedBy":{"name":"Login","type":"class"}},{"name":"analytics","qualifiedName":"login.Login.analytics","href":"routes_login/Login/analytics.html","type":"property","overriddenDepth":0,"packageName":"fl_fan","enclosedBy":{"name":"Login","type":"class"}},{"name":"createState","qualifiedName":"login.Login.createState","href":"routes_login/Login/createState.html","type":"method","overriddenDepth":1,"packageName":"fl_fan","enclosedBy":{"name":"Login","type":"class"}},{"name":"observer","qualifiedName":"login.Login.observer","href":"routes_login/Login/observer.html","type":"property","overriddenDepth":0,"packageName":"fl_fan","enclosedBy":{"name":"Login","type":"class"}},{"name":"main","qualifiedName":"main","href":"main/main-library.html","type":"library","overriddenDepth":0,"packageName":"fl_fan"},{"name":"main","qualifiedName":"main.main","href":"main/main.html","type":"function","overriddenDepth":0,"packageName":"fl_fan","enclosedBy":{"name":"main","type":"library"}},{"name":"post","qualifiedName":"post","href":"models_post/models_post-library.html","type":"library","overriddenDepth":0,"packageName":"fl_fan"},{"name":"Post","qualifiedName":"post.Post","href":"models_post/Post-class.html","type":"class","overriddenDepth":0,"packageName":"fl_fan","enclosedBy":{"name":"post","type":"library"}},{"name":"Post","qualifiedName":"post.Post.Post","href":"models_post/Post/Post.html","type":"constructor","overriddenDepth":0,"packageName":"fl_fan","enclosedBy":{"name":"Post","type":"class"}},{"name":"description","qualifiedName":"post.Post.description","href":"models_post/Post/description.html","type":"property","overriddenDepth":0,"packageName":"fl_fan","enclosedBy":{"name":"Post","type":"class"}},{"name":"photo","qualifiedName":"post.Post.photo","href":"models_post/Post/photo.html","type":"property","overriddenDepth":0,"packageName":"fl_fan","enclosedBy":{"name":"Post","type":"class"}},{"name":"title","qualifiedName":"post.Post.title","href":"models_post/Post/title.html","type":"property","overriddenDepth":0,"packageName":"fl_fan","enclosedBy":{"name":"Post","type":"class"}},{"name":"toString","qualifiedName":"post.Post.toString","href":"models_post/Post/toString.html","type":"method","overriddenDepth":1,"packageName":"fl_fan","enclosedBy":{"name":"Post","type":"class"}},{"name":"post_tile","qualifiedName":"post_tile","href":"UI_post_tile/UI_post_tile-library.html","type":"library","overriddenDepth":0,"packageName":"fl_fan"},{"name":"PostTile","qualifiedName":"post_tile.PostTile","href":"UI_post_tile/PostTile-class.html","type":"class","overriddenDepth":0,"packageName":"fl_fan","enclosedBy":{"name":"post_tile","type":"library"}},{"name":"PostTile","qualifiedName":"post_tile.PostTile.PostTile","href":"UI_post_tile/PostTile/PostTile.html","type":"constructor","overriddenDepth":0,"packageName":"fl_fan","enclosedBy":{"name":"PostTile","type":"class"}},{"name":"createState","qualifiedName":"post_tile.PostTile.createState","href":"UI_post_tile/PostTile/createState.html","type":"method","overriddenDepth":1,"packageName":"fl_fan","enclosedBy":{"name":"PostTile","type":"class"}},{"name":"post","qualifiedName":"post_tile.PostTile.post","href":"UI_post_tile/PostTile/post.html","type":"property","overriddenDepth":0,"packageName":"fl_fan","enclosedBy":{"name":"PostTile","type":"class"}},{"name":"search","qualifiedName":"search","href":"routes_search/routes_search-library.html","type":"library","overriddenDepth":0,"packageName":"fl_fan"},{"name":"SearchView","qualifiedName":"search.SearchView","href":"routes_search/SearchView-class.html","type":"class","overriddenDepth":0,"packageName":"fl_fan","enclosedBy":{"name":"search","type":"library"}},{"name":"SearchView","qualifiedName":"search.SearchView.SearchView","href":"routes_search/SearchView/SearchView.html","type":"constructor","overriddenDepth":0,"packageName":"fl_fan","enclosedBy":{"name":"SearchView","type":"class"}},{"name":"analytics","qualifiedName":"search.SearchView.analytics","href":"routes_search/SearchView/analytics.html","type":"property","overriddenDepth":0,"packageName":"fl_fan","enclosedBy":{"name":"SearchView","type":"class"}},{"name":"createState","qualifiedName":"search.SearchView.createState","href":"routes_search/SearchView/createState.html","type":"method","overriddenDepth":1,"packageName":"fl_fan","enclosedBy":{"name":"SearchView","type":"class"}},{"name":"observer","qualifiedName":"search.SearchView.observer","href":"routes_search/SearchView/observer.html","type":"property","overriddenDepth":0,"packageName":"fl_fan","enclosedBy":{"name":"SearchView","type":"class"}},{"name":"signup","qualifiedName":"signup","href":"routes_signup/routes_signup-library.html","type":"library","overriddenDepth":0,"packageName":"fl_fan"},{"name":"Signup","qualifiedName":"signup.Signup","href":"routes_signup/Signup-class.html","type":"class","overriddenDepth":0,"packageName":"fl_fan","enclosedBy":{"name":"signup","type":"library"}},{"name":"Signup","qualifiedName":"signup.Signup.Signup","href":"routes_signup/Signup/Signup.html","type":"constructor","overriddenDepth":0,"packageName":"fl_fan","enclosedBy":{"name":"Signup","type":"class"}},{"name":"analytics","qualifiedName":"signup.Signup.analytics","href":"routes_signup/Signup/analytics.html","type":"property","overriddenDepth":0,"packageName":"fl_fan","enclosedBy":{"name":"Signup","type":"class"}},{"name":"createState","qualifiedName":"signup.Signup.createState","href":"routes_signup/Signup/createState.html","type":"method","overriddenDepth":1,"packageName":"fl_fan","enclosedBy":{"name":"Signup","type":"class"}},{"name":"observer","qualifiedName":"signup.Signup.observer","href":"routes_signup/Signup/observer.html","type":"property","overriddenDepth":0,"packageName":"fl_fan","enclosedBy":{"name":"Signup","type":"class"}},{"name":"team_login","qualifiedName":"team_login","href":"routes_team_login/routes_team_login-library.html","type":"library","overriddenDepth":0,"packageName":"fl_fan"},{"name":"TeamSignup","qualifiedName":"team_login.TeamSignup","href":"routes_team_login/TeamSignup-class.html","type":"class","overriddenDepth":0,"packageName":"fl_fan","enclosedBy":{"name":"team_login","type":"library"}},{"name":"TeamSignup","qualifiedName":"team_login.TeamSignup.TeamSignup","href":"routes_team_login/TeamSignup/TeamSignup.html","type":"constructor","overriddenDepth":0,"packageName":"fl_fan","enclosedBy":{"name":"TeamSignup","type":"class"}},{"name":"analytics","qualifiedName":"team_login.TeamSignup.analytics","href":"routes_team_login/TeamSignup/analytics.html","type":"property","overriddenDepth":0,"packageName":"fl_fan","enclosedBy":{"name":"TeamSignup","type":"class"}},{"name":"createState","qualifiedName":"team_login.TeamSignup.createState","href":"routes_team_login/TeamSignup/createState.html","type":"method","overriddenDepth":1,"packageName":"fl_fan","enclosedBy":{"name":"TeamSignup","type":"class"}},{"name":"observer","qualifiedName":"team_login.TeamSignup.observer","href":"routes_team_login/TeamSignup/observer.html","type":"property","overriddenDepth":0,"packageName":"fl_fan","enclosedBy":{"name":"TeamSignup","type":"class"}},{"name":"welcome","qualifiedName":"welcome","href":"routes_welcome/routes_welcome-library.html","type":"library","overriddenDepth":0,"packageName":"fl_fan"},{"name":"Welcome","qualifiedName":"welcome.Welcome","href":"routes_welcome/Welcome-class.html","type":"class","overriddenDepth":0,"packageName":"fl_fan","enclosedBy":{"name":"welcome","type":"library"}},{"name":"Welcome","qualifiedName":"welcome.Welcome.Welcome","href":"routes_welcome/Welcome/Welcome.html","type":"constructor","overriddenDepth":0,"packageName":"fl_fan","enclosedBy":{"name":"Welcome","type":"class"}},{"name":"analytics","qualifiedName":"welcome.Welcome.analytics","href":"routes_welcome/Welcome/analytics.html","type":"property","overriddenDepth":0,"packageName":"fl_fan","enclosedBy":{"name":"Welcome","type":"class"}},{"name":"createState","qualifiedName":"welcome.Welcome.createState","href":"routes_welcome/Welcome/createState.html","type":"method","overriddenDepth":1,"packageName":"fl_fan","enclosedBy":{"name":"Welcome","type":"class"}},{"name":"observer","qualifiedName":"welcome.Welcome.observer","href":"routes_welcome/Welcome/observer.html","type":"property","overriddenDepth":0,"packageName":"fl_fan","enclosedBy":{"name":"Welcome","type":"class"}}]
